{
  "model": "meta-llama/Llama-2-13b-hf",
  "language": "zho_Hans",
  "language_short": "Zh",
  "setting": "monolingual",
  "acc": 0.3766666666666667,
  "bleu": 0.11890458841704095,
  "composite": 0.04756183536681638,
  "intervention_layer": 19,
  "alpha": 0.4,
  "num_runs": 3,
  "all_run_results": [
    {
      "run": 0,
      "dataset": "FLORES-200",
      "acc": 0.4,
      "bleu": 0.1693249284172268,
      "composite": 0.06772997136689073,
      "num_successful": 40,
      "num_total": 100
    },
    {
      "run": 1,
      "dataset": "FLORES-200",
      "acc": 0.4,
      "bleu": 0.18738883683389604,
      "composite": 0.07495553473355841,
      "num_successful": 40,
      "num_total": 100
    },
    {
      "run": 2,
      "dataset": "FLORES-200",
      "acc": 0.33,
      "bleu": 0.0,
      "composite": 0.0,
      "num_successful": 33,
      "num_total": 100
    }
  ]
}