{
  "model": "meta-llama/Llama-2-13b-hf",
  "language": "spa_Latn",
  "language_short": "Es",
  "setting": "monolingual",
  "acc": 0.023333333333333334,
  "bleu": 19.00816504474049,
  "composite": 0.4167972109561496,
  "intervention_layer": 19,
  "alpha": 0.4,
  "num_runs": 3,
  "all_run_results": [
    {
      "run": 0,
      "dataset": "FLORES-200",
      "acc": 0.02,
      "bleu": 23.124021782923503,
      "composite": 0.4624804356584701,
      "num_successful": 2,
      "num_total": 100
    },
    {
      "run": 1,
      "dataset": "FLORES-200",
      "acc": 0.03,
      "bleu": 10.990173018401931,
      "composite": 0.32970519055205794,
      "num_successful": 3,
      "num_total": 100
    },
    {
      "run": 2,
      "dataset": "FLORES-200",
      "acc": 0.02,
      "bleu": 22.910300332896036,
      "composite": 0.4582060066579207,
      "num_successful": 2,
      "num_total": 100
    }
  ]
}