{
  "model": "meta-llama/Llama-2-13b-hf",
  "language": "deu_Latn",
  "language_short": "De",
  "setting": "monolingual",
  "acc": 0.10999999999999999,
  "bleu": 13.955784514448924,
  "composite": 1.52449423971708,
  "intervention_layer": 19,
  "alpha": 0.4,
  "num_runs": 3,
  "all_run_results": [
    {
      "run": 0,
      "dataset": "FLORES-200",
      "acc": 0.11,
      "bleu": 15.664939850301586,
      "composite": 1.7231433835331744,
      "num_successful": 11,
      "num_total": 100
    },
    {
      "run": 1,
      "dataset": "FLORES-200",
      "acc": 0.12,
      "bleu": 11.504898315677304,
      "composite": 1.3805877978812764,
      "num_successful": 12,
      "num_total": 100
    },
    {
      "run": 2,
      "dataset": "FLORES-200",
      "acc": 0.1,
      "bleu": 14.697515377367887,
      "composite": 1.469751537736789,
      "num_successful": 10,
      "num_total": 100
    }
  ]
}