{
  "model": "meta-llama/Llama-2-7b-hf",
  "language": "deu_Latn",
  "language_short": "De",
  "setting": "monolingual",
  "acc": 0.5,
  "bleu": 12.697431845825728,
  "composite": 6.352390882477814,
  "intervention_layer": 19,
  "alpha": 0.4,
  "num_runs": 3,
  "all_run_results": [
    {
      "run": 0,
      "dataset": "FLORES-200",
      "acc": 0.49,
      "bleu": 12.642712141936487,
      "composite": 6.194928949548879,
      "num_successful": 49,
      "num_total": 100
    },
    {
      "run": 1,
      "dataset": "FLORES-200",
      "acc": 0.5,
      "bleu": 11.704383384119003,
      "composite": 5.852191692059502,
      "num_successful": 50,
      "num_total": 100
    },
    {
      "run": 2,
      "dataset": "FLORES-200",
      "acc": 0.51,
      "bleu": 13.745200011421693,
      "composite": 7.010052005825063,
      "num_successful": 51,
      "num_total": 100
    }
  ]
}