{
  "Llama-2-13b-hf": {
    "Fr": {
      "monolingual": {
        "acc": 0.049999999999999996,
        "bleu": 29.602487108687978,
        "composite": 1.4453021748454997
      },
      "parallel": {
        "acc": 0.04666666666666667,
        "bleu": 28.653192139955724,
        "composite": 1.323388469736461
      }
    },
    "De": {
      "monolingual": {
        "acc": 0.10999999999999999,
        "bleu": 13.955784514448924,
        "composite": 1.52449423971708
      },
      "parallel": {
        "acc": 0.09000000000000001,
        "bleu": 19.65721348706845,
        "composite": 1.7592991455215756
      }
    },
    "Es": {
      "monolingual": {
        "acc": 0.023333333333333334,
        "bleu": 19.00816504474049,
        "composite": 0.4167972109561496
      },
      "parallel": {
        "acc": 0.01,
        "bleu": 29.624898711976055,
        "composite": 0.29624898711976055
      }
    },
    "Zh": {
      "monolingual": {
        "acc": 0.3766666666666667,
        "bleu": 0.11890458841704095,
        "composite": 0.04756183536681638
      },
      "parallel": {
        "acc": 0.4366666666666667,
        "bleu": 0.0,
        "composite": 0.0
      }
    },
    "Ja": {
      "monolingual": {
        "acc": 0.14333333333333334,
        "bleu": 0.0,
        "composite": 0.0
      },
      "parallel": {
        "acc": 0.12666666666666668,
        "bleu": 0.0,
        "composite": 0.0
      }
    }
  },
  "Meta-Llama-3.1-8B": {
    "Fr": {
      "monolingual": {
        "acc": 0.25333333333333335,
        "bleu": 3.1524573578838258,
        "composite": 0.7968792288742773
      },
      "parallel": {
        "acc": 0.12,
        "bleu": 1.4893074070621397,
        "composite": 0.17840963723194445
      }
    },
    "De": {
      "monolingual": {
        "acc": 0.22999999999999998,
        "bleu": 1.711608890381086,
        "composite": 0.4052688728530042
      },
      "parallel": {
        "acc": 0.07333333333333333,
        "bleu": 1.3470344571893103,
        "composite": 0.09401995964449861
      }
    },
    "Es": {
      "monolingual": {
        "acc": 0.24333333333333332,
        "bleu": 3.161120145355099,
        "composite": 0.7572666726563771
      },
      "parallel": {
        "acc": 0.28,
        "bleu": 2.9804157669476403,
        "composite": 0.8327544418743829
      }
    },
    "Zh": {
      "monolingual": {
        "acc": 0.01,
        "bleu": 0.0,
        "composite": 0.0
      },
      "parallel": {
        "acc": 0.44999999999999996,
        "bleu": 0.0,
        "composite": 0.0
      }
    },
    "Ja": {
      "monolingual": {
        "acc": 0.0,
        "bleu": 0.0,
        "composite": 0.0
      },
      "parallel": {
        "acc": 0.12,
        "bleu": 0.0,
        "composite": 0.0
      }
    }
  }
}